IndicatorCode,Indicator,ValueType,ParentLocationCode,ParentLocation,Location type,SpatialDimValueCode,Location,Period type,Period,IsLatestYear,Dim1 type,Dim1,Dim1ValueCode,Dim2 type,Dim2,Dim2ValueCode,Dim3 type,Dim3,Dim3ValueCode,DataSourceDimValueCode,DataSource,FactValueNumericPrefix,FactValueNumeric,FactValueUoM,FactValueNumericLowPrefix,FactValueNumericLow,FactValueNumericHighPrefix,FactValueNumericHigh,Value,FactValueTranslationID,FactComments,Language,DateModified
NUTRITION_ANAEMIA_CHILDREN_PREV,Prevalence of anaemia in children aged 6-59 months (%),text,WPR,Western Pacific,Country,PHL,Philippines,Year,2019,TRUE,Sex,Both sexes,SEX_BTSX,,,,,,,,,,13.5,,,10,,17.8,13.5 [10.0-17.8],,,EN,2021-03-30T16:00:00.000Z
NUTRITION_ANAEMIA_CHILDREN_PREV,Prevalence of anaemia in children aged 6-59 months (%),text,WPR,Western Pacific,Country,SGP,Singapore,Year,2019,TRUE,Sex,Both sexes,SEX_BTSX,,,,,,,,,,13.5,,,5.5,,31.5,13.5 [5.5-31.5],,,EN,2021-03-30T16:00:00.000Z
NUTRITION_ANAEMIA_CHILDREN_PREV,Prevalence of anaemia in children aged 6-59 months (%),text,WPR,Western Pacific,Country,BRN,Brunei Darussalam,Year,2019,TRUE,Sex,Both sexes,SEX_BTSX,,,,,,,,,,20,,,7,,39.3,20.0 [7.0-39.3],,,EN,2021-03-30T16:00:00.000Z
NUTRITION_ANAEMIA_CHILDREN_PREV,Prevalence of anaemia in children aged 6-59 months (%),text,WPR,Western Pacific,Country,VNM,Viet Nam,Year,2019,TRUE,Sex,Both sexes,SEX_BTSX,,,,,,,,,,22.9,,,9.5,,39.4,22.9 [9.5-39.4],,,EN,2021-03-30T16:00:00.000Z
NUTRITION_ANAEMIA_CHILDREN_PREV,Prevalence of anaemia in children aged 6-59 months (%),text,WPR,Western Pacific,Country,MYS,Malaysia,Year,2019,TRUE,Sex,Both sexes,SEX_BTSX,,,,,,,,,,24.6,,,9.7,,40.1,24.6 [9.7-40.1],,,EN,2021-03-30T16:00:00.000Z
NUTRITION_ANAEMIA_CHILDREN_PREV,Prevalence of anaemia in children aged 6-59 months (%),text,SEAR,South-East Asia,Country,THA,Thailand,Year,2019,TRUE,Sex,Both sexes,SEX_BTSX,,,,,,,,,,24.9,,,10.9,,37.8,24.9 [10.9-37.8],,,EN,2021-03-30T16:00:00.000Z
NUTRITION_ANAEMIA_CHILDREN_PREV,Prevalence of anaemia in children aged 6-59 months (%),text,SEAR,South-East Asia,Country,IDN,Indonesia,Year,2019,TRUE,Sex,Both sexes,SEX_BTSX,,,,,,,,,,38.4,,,27.1,,51.1,38.4 [27.1-51.1],,,EN,2021-03-30T16:00:00.000Z
NUTRITION_ANAEMIA_CHILDREN_PREV,Prevalence of anaemia in children aged 6-59 months (%),text,WPR,Western Pacific,Country,LAO,Lao People's Democratic Republic,Year,2019,TRUE,Sex,Both sexes,SEX_BTSX,,,,,,,,,,41.4,,,29.3,,54.3,41.4 [29.3-54.3],,,EN,2021-03-30T16:00:00.000Z
NUTRITION_ANAEMIA_CHILDREN_PREV,Prevalence of anaemia in children aged 6-59 months (%),text,SEAR,South-East Asia,Country,TLS,Timor-Leste,Year,2019,TRUE,Sex,Both sexes,SEX_BTSX,,,,,,,,,,46.3,,,35.8,,58.5,46.3 [35.8-58.5],,,EN,2021-03-30T16:00:00.000Z
NUTRITION_ANAEMIA_CHILDREN_PREV,Prevalence of anaemia in children aged 6-59 months (%),text,WPR,Western Pacific,Country,KHM,Cambodia,Year,2019,TRUE,Sex,Both sexes,SEX_BTSX,,,,,,,,,,49,,,35.4,,63.5,49.0 [35.4-63.5],,,EN,2021-03-30T16:00:00.000Z
NUTRITION_ANAEMIA_CHILDREN_PREV,Prevalence of anaemia in children aged 6-59 months (%),text,SEAR,South-East Asia,Country,MMR,Myanmar,Year,2019,TRUE,Sex,Both sexes,SEX_BTSX,,,,,,,,,,49.6,,,35.3,,64.4,49.6 [35.3-64.4],,,EN,2021-03-30T16:00:00.000Z
NUTRITION_ANAEMIA_CHILDREN_PREV,Prevalence of anaemia in children aged 6-59 months (%),text,WPR,Western Pacific,Country,SGP,Singapore,Year,2018,FALSE,Sex,Both sexes,SEX_BTSX,,,,,,,,,,13.2,,,5.5,,30.3,13.2 [5.5-30.3],,,EN,2021-03-30T16:00:00.000Z
NUTRITION_ANAEMIA_CHILDREN_PREV,Prevalence of anaemia in children aged 6-59 months (%),text,WPR,Western Pacific,Country,PHL,Philippines,Year,2018,FALSE,Sex,Both sexes,SEX_BTSX,,,,,,,,,,13.8,,,10.2,,18.2,13.8 [10.2-18.2],,,EN,2021-03-30T16:00:00.000Z
NUTRITION_ANAEMIA_CHILDREN_PREV,Prevalence of anaemia in children aged 6-59 months (%),text,WPR,Western Pacific,Country,BRN,Brunei Darussalam,Year,2018,FALSE,Sex,Both sexes,SEX_BTSX,,,,,,,,,,19.3,,,7,,37.9,19.3 [7.0-37.9],,,EN,2021-03-30T16:00:00.000Z
NUTRITION_ANAEMIA_CHILDREN_PREV,Prevalence of anaemia in children aged 6-59 months (%),text,WPR,Western Pacific,Country,VNM,Viet Nam,Year,2018,FALSE,Sex,Both sexes,SEX_BTSX,,,,,,,,,,22.4,,,10,,37.7,22.4 [10.0-37.7],,,EN,2021-03-30T16:00:00.000Z
NUTRITION_ANAEMIA_CHILDREN_PREV,Prevalence of anaemia in children aged 6-59 months (%),text,WPR,Western Pacific,Country,MYS,Malaysia,Year,2018,FALSE,Sex,Both sexes,SEX_BTSX,,,,,,,,,,23.8,,,9.9,,38.7,23.8 [9.9-38.7],,,EN,2021-03-30T16:00:00.000Z
NUTRITION_ANAEMIA_CHILDREN_PREV,Prevalence of anaemia in children aged 6-59 months (%),text,SEAR,South-East Asia,Country,THA,Thailand,Year,2018,FALSE,Sex,Both sexes,SEX_BTSX,,,,,,,,,,24.7,,,11.8,,36.7,24.7 [11.8-36.7],,,EN,2021-03-30T16:00:00.000Z
NUTRITION_ANAEMIA_CHILDREN_PREV,Prevalence of anaemia in children aged 6-59 months (%),text,SEAR,South-East Asia,Country,IDN,Indonesia,Year,2018,FALSE,Sex,Both sexes,SEX_BTSX,,,,,,,,,,38.2,,,28.4,,49.1,38.2 [28.4-49.1],,,EN,2021-03-30T16:00:00.000Z
NUTRITION_ANAEMIA_CHILDREN_PREV,Prevalence of anaemia in children aged 6-59 months (%),text,WPR,Western Pacific,Country,LAO,Lao People's Democratic Republic,Year,2018,FALSE,Sex,Both sexes,SEX_BTSX,,,,,,,,,,41.3,,,31,,52.3,41.3 [31.0-52.3],,,EN,2021-03-30T16:00:00.000Z
NUTRITION_ANAEMIA_CHILDREN_PREV,Prevalence of anaemia in children aged 6-59 months (%),text,SEAR,South-East Asia,Country,TLS,Timor-Leste,Year,2018,FALSE,Sex,Both sexes,SEX_BTSX,,,,,,,,,,46.1,,,37.1,,56.6,46.1 [37.1-56.6],,,EN,2021-03-30T16:00:00.000Z
NUTRITION_ANAEMIA_CHILDREN_PREV,Prevalence of anaemia in children aged 6-59 months (%),text,SEAR,South-East Asia,Country,MMR,Myanmar,Year,2018,FALSE,Sex,Both sexes,SEX_BTSX,,,,,,,,,,49.6,,,36.5,,62.4,49.6 [36.5-62.4],,,EN,2021-03-30T16:00:00.000Z
NUTRITION_ANAEMIA_CHILDREN_PREV,Prevalence of anaemia in children aged 6-59 months (%),text,WPR,Western Pacific,Country,KHM,Cambodia,Year,2018,FALSE,Sex,Both sexes,SEX_BTSX,,,,,,,,,,49.6,,,37.7,,62.3,49.6 [37.7-62.3],,,EN,2021-03-30T16:00:00.000Z
NUTRITION_ANAEMIA_CHILDREN_PREV,Prevalence of anaemia in children aged 6-59 months (%),text,WPR,Western Pacific,Country,SGP,Singapore,Year,2017,FALSE,Sex,Both sexes,SEX_BTSX,,,,,,,,,,12.9,,,5.5,,29.1,12.9 [5.5-29.1],,,EN,2021-03-30T16:00:00.000Z
NUTRITION_ANAEMIA_CHILDREN_PREV,Prevalence of anaemia in children aged 6-59 months (%),text,WPR,Western Pacific,Country,PHL,Philippines,Year,2017,FALSE,Sex,Both sexes,SEX_BTSX,,,,,,,,,,14.2,,,10.4,,18.9,14.2 [10.4-18.9],,,EN,2021-03-30T16:00:00.000Z
NUTRITION_ANAEMIA_CHILDREN_PREV,Prevalence of anaemia in children aged 6-59 months (%),text,WPR,Western Pacific,Country,BRN,Brunei Darussalam,Year,2017,FALSE,Sex,Both sexes,SEX_BTSX,,,,,,,,,,18.8,,,7.1,,36.7,18.8 [7.1-36.7],,,EN,2021-03-30T16:00:00.000Z
NUTRITION_ANAEMIA_CHILDREN_PREV,Prevalence of anaemia in children aged 6-59 months (%),text,WPR,Western Pacific,Country,VNM,Viet Nam,Year,2017,FALSE,Sex,Both sexes,SEX_BTSX,,,,,,,,,,21.9,,,10.4,,36.1,21.9 [10.4-36.1],,,EN,2021-03-30T16:00:00.000Z
NUTRITION_ANAEMIA_CHILDREN_PREV,Prevalence of anaemia in children aged 6-59 months (%),text,WPR,Western Pacific,Country,MYS,Malaysia,Year,2017,FALSE,Sex,Both sexes,SEX_BTSX,,,,,,,,,,23.1,,,10.2,,37.5,23.1 [10.2-37.5],,,EN,2021-03-30T16:00:00.000Z
NUTRITION_ANAEMIA_CHILDREN_PREV,Prevalence of anaemia in children aged 6-59 months (%),text,SEAR,South-East Asia,Country,THA,Thailand,Year,2017,FALSE,Sex,Both sexes,SEX_BTSX,,,,,,,,,,24.6,,,12.9,,35.6,24.6 [12.9-35.6],,,EN,2021-03-30T16:00:00.000Z
NUTRITION_ANAEMIA_CHILDREN_PREV,Prevalence of anaemia in children aged 6-59 months (%),text,SEAR,South-East Asia,Country,IDN,Indonesia,Year,2017,FALSE,Sex,Both sexes,SEX_BTSX,,,,,,,,,,38,,,29.5,,47.3,38.0 [29.5-47.3],,,EN,2021-03-30T16:00:00.000Z
NUTRITION_ANAEMIA_CHILDREN_PREV,Prevalence of anaemia in children aged 6-59 months (%),text,WPR,Western Pacific,Country,LAO,Lao People's Democratic Republic,Year,2017,FALSE,Sex,Both sexes,SEX_BTSX,,,,,,,,,,41.3,,,31.9,,51.2,41.3 [31.9-51.2],,,EN,2021-03-30T16:00:00.000Z
NUTRITION_ANAEMIA_CHILDREN_PREV,Prevalence of anaemia in children aged 6-59 months (%),text,SEAR,South-East Asia,Country,TLS,Timor-Leste,Year,2017,FALSE,Sex,Both sexes,SEX_BTSX,,,,,,,,,,46.1,,,38.3,,55.4,46.1 [38.3-55.4],,,EN,2021-03-30T16:00:00.000Z
NUTRITION_ANAEMIA_CHILDREN_PREV,Prevalence of anaemia in children aged 6-59 months (%),text,SEAR,South-East Asia,Country,MMR,Myanmar,Year,2017,FALSE,Sex,Both sexes,SEX_BTSX,,,,,,,,,,49.6,,,37.7,,61,49.6 [37.7-61.0],,,EN,2021-03-30T16:00:00.000Z
NUTRITION_ANAEMIA_CHILDREN_PREV,Prevalence of anaemia in children aged 6-59 months (%),text,WPR,Western Pacific,Country,KHM,Cambodia,Year,2017,FALSE,Sex,Both sexes,SEX_BTSX,,,,,,,,,,50.3,,,39.7,,61.2,50.3 [39.7-61.2],,,EN,2021-03-30T16:00:00.000Z
NUTRITION_ANAEMIA_CHILDREN_PREV,Prevalence of anaemia in children aged 6-59 months (%),text,WPR,Western Pacific,Country,SGP,Singapore,Year,2016,FALSE,Sex,Both sexes,SEX_BTSX,,,,,,,,,,12.6,,,5.6,,27.9,12.6 [5.6-27.9],,,EN,2021-03-30T16:00:00.000Z
NUTRITION_ANAEMIA_CHILDREN_PREV,Prevalence of anaemia in children aged 6-59 months (%),text,WPR,Western Pacific,Country,PHL,Philippines,Year,2016,FALSE,Sex,Both sexes,SEX_BTSX,,,,,,,,,,14.7,,,10.7,,19.7,14.7 [10.7-19.7],,,EN,2021-03-30T16:00:00.000Z
NUTRITION_ANAEMIA_CHILDREN_PREV,Prevalence of anaemia in children aged 6-59 months (%),text,WPR,Western Pacific,Country,BRN,Brunei Darussalam,Year,2016,FALSE,Sex,Both sexes,SEX_BTSX,,,,,,,,,,18.2,,,7,,35.7,18.2 [7.0-35.7],,,EN,2021-03-30T16:00:00.000Z
NUTRITION_ANAEMIA_CHILDREN_PREV,Prevalence of anaemia in children aged 6-59 months (%),text,WPR,Western Pacific,Country,VNM,Viet Nam,Year,2016,FALSE,Sex,Both sexes,SEX_BTSX,,,,,,,,,,21.6,,,10.8,,34.9,21.6 [10.8-34.9],,,EN,2021-03-30T16:00:00.000Z
NUTRITION_ANAEMIA_CHILDREN_PREV,Prevalence of anaemia in children aged 6-59 months (%),text,WPR,Western Pacific,Country,MYS,Malaysia,Year,2016,FALSE,Sex,Both sexes,SEX_BTSX,,,,,,,,,,22.5,,,10.2,,36.5,22.5 [10.2-36.5],,,EN,2021-03-30T16:00:00.000Z
NUTRITION_ANAEMIA_CHILDREN_PREV,Prevalence of anaemia in children aged 6-59 months (%),text,SEAR,South-East Asia,Country,THA,Thailand,Year,2016,FALSE,Sex,Both sexes,SEX_BTSX,,,,,,,,,,24.5,,,13.8,,34.8,24.5 [13.8-34.8],,,EN,2021-03-30T16:00:00.000Z
NUTRITION_ANAEMIA_CHILDREN_PREV,Prevalence of anaemia in children aged 6-59 months (%),text,SEAR,South-East Asia,Country,IDN,Indonesia,Year,2016,FALSE,Sex,Both sexes,SEX_BTSX,,,,,,,,,,37.8,,,29.8,,46.2,37.8 [29.8-46.2],,,EN,2021-03-30T16:00:00.000Z
NUTRITION_ANAEMIA_CHILDREN_PREV,Prevalence of anaemia in children aged 6-59 months (%),text,WPR,Western Pacific,Country,LAO,Lao People's Democratic Republic,Year,2016,FALSE,Sex,Both sexes,SEX_BTSX,,,,,,,,,,41.4,,,32.7,,50.5,41.4 [32.7-50.5],,,EN,2021-03-30T16:00:00.000Z
NUTRITION_ANAEMIA_CHILDREN_PREV,Prevalence of anaemia in children aged 6-59 months (%),text,SEAR,South-East Asia,Country,TLS,Timor-Leste,Year,2016,FALSE,Sex,Both sexes,SEX_BTSX,,,,,,,,,,46,,,38.7,,54.6,46.0 [38.7-54.6],,,EN,2021-03-30T16:00:00.000Z
NUTRITION_ANAEMIA_CHILDREN_PREV,Prevalence of anaemia in children aged 6-59 months (%),text,SEAR,South-East Asia,Country,MMR,Myanmar,Year,2016,FALSE,Sex,Both sexes,SEX_BTSX,,,,,,,,,,49.6,,,38.4,,60.5,49.6 [38.4-60.5],,,EN,2021-03-30T16:00:00.000Z
NUTRITION_ANAEMIA_CHILDREN_PREV,Prevalence of anaemia in children aged 6-59 months (%),text,WPR,Western Pacific,Country,KHM,Cambodia,Year,2016,FALSE,Sex,Both sexes,SEX_BTSX,,,,,,,,,,50.9,,,41.5,,60.3,50.9 [41.5-60.3],,,EN,2021-03-30T16:00:00.000Z
NUTRITION_ANAEMIA_CHILDREN_PREV,Prevalence of anaemia in children aged 6-59 months (%),text,WPR,Western Pacific,Country,SGP,Singapore,Year,2015,FALSE,Sex,Both sexes,SEX_BTSX,,,,,,,,,,12.3,,,5.5,,27.2,12.3 [5.5-27.2],,,EN,2021-03-30T16:00:00.000Z
NUTRITION_ANAEMIA_CHILDREN_PREV,Prevalence of anaemia in children aged 6-59 months (%),text,WPR,Western Pacific,Country,PHL,Philippines,Year,2015,FALSE,Sex,Both sexes,SEX_BTSX,,,,,,,,,,15.3,,,11.1,,20.7,15.3 [11.1-20.7],,,EN,2021-03-30T16:00:00.000Z
NUTRITION_ANAEMIA_CHILDREN_PREV,Prevalence of anaemia in children aged 6-59 months (%),text,WPR,Western Pacific,Country,BRN,Brunei Darussalam,Year,2015,FALSE,Sex,Both sexes,SEX_BTSX,,,,,,,,,,17.8,,,7,,34.8,17.8 [7.0-34.8],,,EN,2021-03-30T16:00:00.000Z
NUTRITION_ANAEMIA_CHILDREN_PREV,Prevalence of anaemia in children aged 6-59 months (%),text,WPR,Western Pacific,Country,VNM,Viet Nam,Year,2015,FALSE,Sex,Both sexes,SEX_BTSX,,,,,,,,,,21.4,,,11.3,,33.9,21.4 [11.3-33.9],,,EN,2021-03-30T16:00:00.000Z
NUTRITION_ANAEMIA_CHILDREN_PREV,Prevalence of anaemia in children aged 6-59 months (%),text,WPR,Western Pacific,Country,MYS,Malaysia,Year,2015,FALSE,Sex,Both sexes,SEX_BTSX,,,,,,,,,,21.8,,,10.1,,35.1,21.8 [10.1-35.1],,,EN,2021-03-30T16:00:00.000Z
NUTRITION_ANAEMIA_CHILDREN_PREV,Prevalence of anaemia in children aged 6-59 months (%),text,SEAR,South-East Asia,Country,THA,Thailand,Year,2015,FALSE,Sex,Both sexes,SEX_BTSX,,,,,,,,,,24.4,,,14.7,,33.9,24.4 [14.7-33.9],,,EN,2021-03-30T16:00:00.000Z
NUTRITION_ANAEMIA_CHILDREN_PREV,Prevalence of anaemia in children aged 6-59 months (%),text,SEAR,South-East Asia,Country,IDN,Indonesia,Year,2015,FALSE,Sex,Both sexes,SEX_BTSX,,,,,,,,,,37.5,,,29.8,,45.4,37.5 [29.8-45.4],,,EN,2021-03-30T16:00:00.000Z
NUTRITION_ANAEMIA_CHILDREN_PREV,Prevalence of anaemia in children aged 6-59 months (%),text,WPR,Western Pacific,Country,LAO,Lao People's Democratic Republic,Year,2015,FALSE,Sex,Both sexes,SEX_BTSX,,,,,,,,,,41.5,,,33,,50.6,41.5 [33.0-50.6],,,EN,2021-03-30T16:00:00.000Z
NUTRITION_ANAEMIA_CHILDREN_PREV,Prevalence of anaemia in children aged 6-59 months (%),text,SEAR,South-East Asia,Country,TLS,Timor-Leste,Year,2015,FALSE,Sex,Both sexes,SEX_BTSX,,,,,,,,,,45.9,,,38.9,,54.1,45.9 [38.9-54.1],,,EN,2021-03-30T16:00:00.000Z
NUTRITION_ANAEMIA_CHILDREN_PREV,Prevalence of anaemia in children aged 6-59 months (%),text,SEAR,South-East Asia,Country,MMR,Myanmar,Year,2015,FALSE,Sex,Both sexes,SEX_BTSX,,,,,,,,,,49.5,,,38.3,,60.6,49.5 [38.3-60.6],,,EN,2021-03-30T16:00:00.000Z
NUTRITION_ANAEMIA_CHILDREN_PREV,Prevalence of anaemia in children aged 6-59 months (%),text,WPR,Western Pacific,Country,KHM,Cambodia,Year,2015,FALSE,Sex,Both sexes,SEX_BTSX,,,,,,,,,,51.6,,,43.4,,60,51.6 [43.4-60.0],,,EN,2021-03-30T16:00:00.000Z
NUTRITION_ANAEMIA_CHILDREN_PREV,Prevalence of anaemia in children aged 6-59 months (%),text,WPR,Western Pacific,Country,SGP,Singapore,Year,2014,FALSE,Sex,Both sexes,SEX_BTSX,,,,,,,,,,12.1,,,5.5,,26.6,12.1 [5.5-26.6],,,EN,2021-03-30T16:00:00.000Z
NUTRITION_ANAEMIA_CHILDREN_PREV,Prevalence of anaemia in children aged 6-59 months (%),text,WPR,Western Pacific,Country,PHL,Philippines,Year,2014,FALSE,Sex,Both sexes,SEX_BTSX,,,,,,,,,,16.1,,,11.7,,21.8,16.1 [11.7-21.8],,,EN,2021-03-30T16:00:00.000Z
NUTRITION_ANAEMIA_CHILDREN_PREV,Prevalence of anaemia in children aged 6-59 months (%),text,WPR,Western Pacific,Country,BRN,Brunei Darussalam,Year,2014,FALSE,Sex,Both sexes,SEX_BTSX,,,,,,,,,,17.4,,,7,,34.2,17.4 [7.0-34.2],,,EN,2021-03-30T16:00:00.000Z
NUTRITION_ANAEMIA_CHILDREN_PREV,Prevalence of anaemia in children aged 6-59 months (%),text,WPR,Western Pacific,Country,VNM,Viet Nam,Year,2014,FALSE,Sex,Both sexes,SEX_BTSX,,,,,,,,,,21.2,,,11.5,,32.7,21.2 [11.5-32.7],,,EN,2021-03-30T16:00:00.000Z
NUTRITION_ANAEMIA_CHILDREN_PREV,Prevalence of anaemia in children aged 6-59 months (%),text,WPR,Western Pacific,Country,MYS,Malaysia,Year,2014,FALSE,Sex,Both sexes,SEX_BTSX,,,,,,,,,,21.3,,,10.1,,34.2,21.3 [10.1-34.2],,,EN,2021-03-30T16:00:00.000Z
NUTRITION_ANAEMIA_CHILDREN_PREV,Prevalence of anaemia in children aged 6-59 months (%),text,SEAR,South-East Asia,Country,THA,Thailand,Year,2014,FALSE,Sex,Both sexes,SEX_BTSX,,,,,,,,,,24.3,,,15.2,,33.2,24.3 [15.2-33.2],,,EN,2021-03-30T16:00:00.000Z
NUTRITION_ANAEMIA_CHILDREN_PREV,Prevalence of anaemia in children aged 6-59 months (%),text,SEAR,South-East Asia,Country,IDN,Indonesia,Year,2014,FALSE,Sex,Both sexes,SEX_BTSX,,,,,,,,,,37.2,,,29.7,,44.7,37.2 [29.7-44.7],,,EN,2021-03-30T16:00:00.000Z
NUTRITION_ANAEMIA_CHILDREN_PREV,Prevalence of anaemia in children aged 6-59 months (%),text,WPR,Western Pacific,Country,LAO,Lao People's Democratic Republic,Year,2014,FALSE,Sex,Both sexes,SEX_BTSX,,,,,,,,,,41.6,,,32.9,,51,41.6 [32.9-51.0],,,EN,2021-03-30T16:00:00.000Z
NUTRITION_ANAEMIA_CHILDREN_PREV,Prevalence of anaemia in children aged 6-59 months (%),text,SEAR,South-East Asia,Country,TLS,Timor-Leste,Year,2014,FALSE,Sex,Both sexes,SEX_BTSX,,,,,,,,,,45.7,,,38.7,,53.6,45.7 [38.7-53.6],,,EN,2021-03-30T16:00:00.000Z
NUTRITION_ANAEMIA_CHILDREN_PREV,Prevalence of anaemia in children aged 6-59 months (%),text,SEAR,South-East Asia,Country,MMR,Myanmar,Year,2014,FALSE,Sex,Both sexes,SEX_BTSX,,,,,,,,,,49.4,,,37.7,,61.1,49.4 [37.7-61.1],,,EN,2021-03-30T16:00:00.000Z
NUTRITION_ANAEMIA_CHILDREN_PREV,Prevalence of anaemia in children aged 6-59 months (%),text,WPR,Western Pacific,Country,KHM,Cambodia,Year,2014,FALSE,Sex,Both sexes,SEX_BTSX,,,,,,,,,,52.2,,,44.4,,59.8,52.2 [44.4-59.8],,,EN,2021-03-30T16:00:00.000Z
NUTRITION_ANAEMIA_CHILDREN_PREV,Prevalence of anaemia in children aged 6-59 months (%),text,WPR,Western Pacific,Country,SGP,Singapore,Year,2013,FALSE,Sex,Both sexes,SEX_BTSX,,,,,,,,,,11.9,,,5.5,,25.9,11.9 [5.5-25.9],,,EN,2021-03-30T16:00:00.000Z
NUTRITION_ANAEMIA_CHILDREN_PREV,Prevalence of anaemia in children aged 6-59 months (%),text,WPR,Western Pacific,Country,PHL,Philippines,Year,2013,FALSE,Sex,Both sexes,SEX_BTSX,,,,,,,,,,17.1,,,12.5,,23.1,17.1 [12.5-23.1],,,EN,2021-03-30T16:00:00.000Z
NUTRITION_ANAEMIA_CHILDREN_PREV,Prevalence of anaemia in children aged 6-59 months (%),text,WPR,Western Pacific,Country,BRN,Brunei Darussalam,Year,2013,FALSE,Sex,Both sexes,SEX_BTSX,,,,,,,,,,17.2,,,7,,33.5,17.2 [7.0-33.5],,,EN,2021-03-30T16:00:00.000Z
NUTRITION_ANAEMIA_CHILDREN_PREV,Prevalence of anaemia in children aged 6-59 months (%),text,WPR,Western Pacific,Country,MYS,Malaysia,Year,2013,FALSE,Sex,Both sexes,SEX_BTSX,,,,,,,,,,20.8,,,9.9,,33.4,20.8 [9.9-33.4],,,EN,2021-03-30T16:00:00.000Z
NUTRITION_ANAEMIA_CHILDREN_PREV,Prevalence of anaemia in children aged 6-59 months (%),text,WPR,Western Pacific,Country,VNM,Viet Nam,Year,2013,FALSE,Sex,Both sexes,SEX_BTSX,,,,,,,,,,21.1,,,12,,31.9,21.1 [12.0-31.9],,,EN,2021-03-30T16:00:00.000Z
NUTRITION_ANAEMIA_CHILDREN_PREV,Prevalence of anaemia in children aged 6-59 months (%),text,SEAR,South-East Asia,Country,THA,Thailand,Year,2013,FALSE,Sex,Both sexes,SEX_BTSX,,,,,,,,,,24.2,,,15.7,,32.9,24.2 [15.7-32.9],,,EN,2021-03-30T16:00:00.000Z
NUTRITION_ANAEMIA_CHILDREN_PREV,Prevalence of anaemia in children aged 6-59 months (%),text,SEAR,South-East Asia,Country,IDN,Indonesia,Year,2013,FALSE,Sex,Both sexes,SEX_BTSX,,,,,,,,,,37,,,29.5,,44.8,37.0 [29.5-44.8],,,EN,2021-03-30T16:00:00.000Z
NUTRITION_ANAEMIA_CHILDREN_PREV,Prevalence of anaemia in children aged 6-59 months (%),text,WPR,Western Pacific,Country,LAO,Lao People's Democratic Republic,Year,2013,FALSE,Sex,Both sexes,SEX_BTSX,,,,,,,,,,41.8,,,32.9,,51.6,41.8 [32.9-51.6],,,EN,2021-03-30T16:00:00.000Z
NUTRITION_ANAEMIA_CHILDREN_PREV,Prevalence of anaemia in children aged 6-59 months (%),text,SEAR,South-East Asia,Country,TLS,Timor-Leste,Year,2013,FALSE,Sex,Both sexes,SEX_BTSX,,,,,,,,,,45.5,,,38.5,,53.5,45.5 [38.5-53.5],,,EN,2021-03-30T16:00:00.000Z
NUTRITION_ANAEMIA_CHILDREN_PREV,Prevalence of anaemia in children aged 6-59 months (%),text,SEAR,South-East Asia,Country,MMR,Myanmar,Year,2013,FALSE,Sex,Both sexes,SEX_BTSX,,,,,,,,,,49.3,,,37.1,,62,49.3 [37.1-62.0],,,EN,2021-03-30T16:00:00.000Z
NUTRITION_ANAEMIA_CHILDREN_PREV,Prevalence of anaemia in children aged 6-59 months (%),text,WPR,Western Pacific,Country,KHM,Cambodia,Year,2013,FALSE,Sex,Both sexes,SEX_BTSX,,,,,,,,,,52.8,,,45,,60,52.8 [45.0-60.0],,,EN,2021-03-30T16:00:00.000Z
NUTRITION_ANAEMIA_CHILDREN_PREV,Prevalence of anaemia in children aged 6-59 months (%),text,WPR,Western Pacific,Country,SGP,Singapore,Year,2012,FALSE,Sex,Both sexes,SEX_BTSX,,,,,,,,,,11.7,,,5.5,,25.6,11.7 [5.5-25.6],,,EN,2021-03-30T16:00:00.000Z
NUTRITION_ANAEMIA_CHILDREN_PREV,Prevalence of anaemia in children aged 6-59 months (%),text,WPR,Western Pacific,Country,BRN,Brunei Darussalam,Year,2012,FALSE,Sex,Both sexes,SEX_BTSX,,,,,,,,,,17.1,,,7.1,,32.8,17.1 [7.1-32.8],,,EN,2021-03-30T16:00:00.000Z
NUTRITION_ANAEMIA_CHILDREN_PREV,Prevalence of anaemia in children aged 6-59 months (%),text,WPR,Western Pacific,Country,PHL,Philippines,Year,2012,FALSE,Sex,Both sexes,SEX_BTSX,,,,,,,,,,18.5,,,13.5,,24.9,18.5 [13.5-24.9],,,EN,2021-03-30T16:00:00.000Z
NUTRITION_ANAEMIA_CHILDREN_PREV,Prevalence of anaemia in children aged 6-59 months (%),text,WPR,Western Pacific,Country,MYS,Malaysia,Year,2012,FALSE,Sex,Both sexes,SEX_BTSX,,,,,,,,,,20.4,,,9.7,,32.9,20.4 [9.7-32.9],,,EN,2021-03-30T16:00:00.000Z
NUTRITION_ANAEMIA_CHILDREN_PREV,Prevalence of anaemia in children aged 6-59 months (%),text,WPR,Western Pacific,Country,VNM,Viet Nam,Year,2012,FALSE,Sex,Both sexes,SEX_BTSX,,,,,,,,,,21.2,,,12.5,,31.6,21.2 [12.5-31.6],,,EN,2021-03-30T16:00:00.000Z
NUTRITION_ANAEMIA_CHILDREN_PREV,Prevalence of anaemia in children aged 6-59 months (%),text,SEAR,South-East Asia,Country,THA,Thailand,Year,2012,FALSE,Sex,Both sexes,SEX_BTSX,,,,,,,,,,24.3,,,16,,32.6,24.3 [16.0-32.6],,,EN,2021-03-30T16:00:00.000Z
NUTRITION_ANAEMIA_CHILDREN_PREV,Prevalence of anaemia in children aged 6-59 months (%),text,SEAR,South-East Asia,Country,IDN,Indonesia,Year,2012,FALSE,Sex,Both sexes,SEX_BTSX,,,,,,,,,,36.9,,,29.4,,45.2,36.9 [29.4-45.2],,,EN,2021-03-30T16:00:00.000Z
NUTRITION_ANAEMIA_CHILDREN_PREV,Prevalence of anaemia in children aged 6-59 months (%),text,WPR,Western Pacific,Country,LAO,Lao People's Democratic Republic,Year,2012,FALSE,Sex,Both sexes,SEX_BTSX,,,,,,,,,,42,,,32.8,,52.2,42.0 [32.8-52.2],,,EN,2021-03-30T16:00:00.000Z
NUTRITION_ANAEMIA_CHILDREN_PREV,Prevalence of anaemia in children aged 6-59 months (%),text,SEAR,South-East Asia,Country,TLS,Timor-Leste,Year,2012,FALSE,Sex,Both sexes,SEX_BTSX,,,,,,,,,,45.2,,,37.9,,53.5,45.2 [37.9-53.5],,,EN,2021-03-30T16:00:00.000Z
NUTRITION_ANAEMIA_CHILDREN_PREV,Prevalence of anaemia in children aged 6-59 months (%),text,SEAR,South-East Asia,Country,MMR,Myanmar,Year,2012,FALSE,Sex,Both sexes,SEX_BTSX,,,,,,,,,,49.3,,,36.4,,62.8,49.3 [36.4-62.8],,,EN,2021-03-30T16:00:00.000Z
NUTRITION_ANAEMIA_CHILDREN_PREV,Prevalence of anaemia in children aged 6-59 months (%),text,WPR,Western Pacific,Country,KHM,Cambodia,Year,2012,FALSE,Sex,Both sexes,SEX_BTSX,,,,,,,,,,53.5,,,45.7,,60.5,53.5 [45.7-60.5],,,EN,2021-03-30T16:00:00.000Z
NUTRITION_ANAEMIA_CHILDREN_PREV,Prevalence of anaemia in children aged 6-59 months (%),text,WPR,Western Pacific,Country,SGP,Singapore,Year,2011,FALSE,Sex,Both sexes,SEX_BTSX,,,,,,,,,,11.6,,,5.5,,25.2,11.6 [5.5-25.2],,,EN,2021-03-30T16:00:00.000Z
NUTRITION_ANAEMIA_CHILDREN_PREV,Prevalence of anaemia in children aged 6-59 months (%),text,WPR,Western Pacific,Country,BRN,Brunei Darussalam,Year,2011,FALSE,Sex,Both sexes,SEX_BTSX,,,,,,,,,,17,,,7.1,,33,17.0 [7.1-33.0],,,EN,2021-03-30T16:00:00.000Z
NUTRITION_ANAEMIA_CHILDREN_PREV,Prevalence of anaemia in children aged 6-59 months (%),text,WPR,Western Pacific,Country,PHL,Philippines,Year,2011,FALSE,Sex,Both sexes,SEX_BTSX,,,,,,,,,,19.9,,,14.5,,26.5,19.9 [14.5-26.5],,,EN,2021-03-30T16:00:00.000Z
NUTRITION_ANAEMIA_CHILDREN_PREV,Prevalence of anaemia in children aged 6-59 months (%),text,WPR,Western Pacific,Country,MYS,Malaysia,Year,2011,FALSE,Sex,Both sexes,SEX_BTSX,,,,,,,,,,20.2,,,9.8,,32.7,20.2 [9.8-32.7],,,EN,2021-03-30T16:00:00.000Z
NUTRITION_ANAEMIA_CHILDREN_PREV,Prevalence of anaemia in children aged 6-59 months (%),text,WPR,Western Pacific,Country,VNM,Viet Nam,Year,2011,FALSE,Sex,Both sexes,SEX_BTSX,,,,,,,,,,21.4,,,12.8,,31.7,21.4 [12.8-31.7],,,EN,2021-03-30T16:00:00.000Z
NUTRITION_ANAEMIA_CHILDREN_PREV,Prevalence of anaemia in children aged 6-59 months (%),text,SEAR,South-East Asia,Country,THA,Thailand,Year,2011,FALSE,Sex,Both sexes,SEX_BTSX,,,,,,,,,,24.3,,,16.3,,32.6,24.3 [16.3-32.6],,,EN,2021-03-30T16:00:00.000Z
NUTRITION_ANAEMIA_CHILDREN_PREV,Prevalence of anaemia in children aged 6-59 months (%),text,SEAR,South-East Asia,Country,IDN,Indonesia,Year,2011,FALSE,Sex,Both sexes,SEX_BTSX,,,,,,,,,,36.9,,,29.2,,45.6,36.9 [29.2-45.6],,,EN,2021-03-30T16:00:00.000Z
NUTRITION_ANAEMIA_CHILDREN_PREV,Prevalence of anaemia in children aged 6-59 months (%),text,WPR,Western Pacific,Country,LAO,Lao People's Democratic Republic,Year,2011,FALSE,Sex,Both sexes,SEX_BTSX,,,,,,,,,,42.4,,,33,,52.7,42.4 [33.0-52.7],,,EN,2021-03-30T16:00:00.000Z
NUTRITION_ANAEMIA_CHILDREN_PREV,Prevalence of anaemia in children aged 6-59 months (%),text,SEAR,South-East Asia,Country,TLS,Timor-Leste,Year,2011,FALSE,Sex,Both sexes,SEX_BTSX,,,,,,,,,,45,,,37.5,,53.6,45.0 [37.5-53.6],,,EN,2021-03-30T16:00:00.000Z
NUTRITION_ANAEMIA_CHILDREN_PREV,Prevalence of anaemia in children aged 6-59 months (%),text,SEAR,South-East Asia,Country,MMR,Myanmar,Year,2011,FALSE,Sex,Both sexes,SEX_BTSX,,,,,,,,,,49.6,,,36,,63.8,49.6 [36.0-63.8],,,EN,2021-03-30T16:00:00.000Z
NUTRITION_ANAEMIA_CHILDREN_PREV,Prevalence of anaemia in children aged 6-59 months (%),text,WPR,Western Pacific,Country,KHM,Cambodia,Year,2011,FALSE,Sex,Both sexes,SEX_BTSX,,,,,,,,,,54.3,,,46.8,,61.2,54.3 [46.8-61.2],,,EN,2021-03-30T16:00:00.000Z
NUTRITION_ANAEMIA_CHILDREN_PREV,Prevalence of anaemia in children aged 6-59 months (%),text,WPR,Western Pacific,Country,SGP,Singapore,Year,2010,FALSE,Sex,Both sexes,SEX_BTSX,,,,,,,,,,11.4,,,5.5,,25.4,11.4 [5.5-25.4],,,EN,2021-03-30T16:00:00.000Z
NUTRITION_ANAEMIA_CHILDREN_PREV,Prevalence of anaemia in children aged 6-59 months (%),text,WPR,Western Pacific,Country,BRN,Brunei Darussalam,Year,2010,FALSE,Sex,Both sexes,SEX_BTSX,,,,,,,,,,16.9,,,7,,32.7,16.9 [7.0-32.7],,,EN,2021-03-30T16:00:00.000Z
NUTRITION_ANAEMIA_CHILDREN_PREV,Prevalence of anaemia in children aged 6-59 months (%),text,WPR,Western Pacific,Country,MYS,Malaysia,Year,2010,FALSE,Sex,Both sexes,SEX_BTSX,,,,,,,,,,20.1,,,9.8,,32.4,20.1 [9.8-32.4],,,EN,2021-03-30T16:00:00.000Z
NUTRITION_ANAEMIA_CHILDREN_PREV,Prevalence of anaemia in children aged 6-59 months (%),text,WPR,Western Pacific,Country,PHL,Philippines,Year,2010,FALSE,Sex,Both sexes,SEX_BTSX,,,,,,,,,,21.5,,,15.7,,28.2,21.5 [15.7-28.2],,,EN,2021-03-30T16:00:00.000Z
NUTRITION_ANAEMIA_CHILDREN_PREV,Prevalence of anaemia in children aged 6-59 months (%),text,WPR,Western Pacific,Country,VNM,Viet Nam,Year,2010,FALSE,Sex,Both sexes,SEX_BTSX,,,,,,,,,,21.9,,,13.3,,31.9,21.9 [13.3-31.9],,,EN,2021-03-30T16:00:00.000Z
NUTRITION_ANAEMIA_CHILDREN_PREV,Prevalence of anaemia in children aged 6-59 months (%),text,SEAR,South-East Asia,Country,THA,Thailand,Year,2010,FALSE,Sex,Both sexes,SEX_BTSX,,,,,,,,,,24.4,,,16.3,,32.8,24.4 [16.3-32.8],,,EN,2021-03-30T16:00:00.000Z
NUTRITION_ANAEMIA_CHILDREN_PREV,Prevalence of anaemia in children aged 6-59 months (%),text,SEAR,South-East Asia,Country,IDN,Indonesia,Year,2010,FALSE,Sex,Both sexes,SEX_BTSX,,,,,,,,,,37.1,,,29.1,,46.2,37.1 [29.1-46.2],,,EN,2021-03-30T16:00:00.000Z
NUTRITION_ANAEMIA_CHILDREN_PREV,Prevalence of anaemia in children aged 6-59 months (%),text,WPR,Western Pacific,Country,LAO,Lao People's Democratic Republic,Year,2010,FALSE,Sex,Both sexes,SEX_BTSX,,,,,,,,,,42.9,,,33.5,,53.5,42.9 [33.5-53.5],,,EN,2021-03-30T16:00:00.000Z
NUTRITION_ANAEMIA_CHILDREN_PREV,Prevalence of anaemia in children aged 6-59 months (%),text,SEAR,South-East Asia,Country,TLS,Timor-Leste,Year,2010,FALSE,Sex,Both sexes,SEX_BTSX,,,,,,,,,,44.9,,,37,,53.8,44.9 [37.0-53.8],,,EN,2021-03-30T16:00:00.000Z
NUTRITION_ANAEMIA_CHILDREN_PREV,Prevalence of anaemia in children aged 6-59 months (%),text,SEAR,South-East Asia,Country,MMR,Myanmar,Year,2010,FALSE,Sex,Both sexes,SEX_BTSX,,,,,,,,,,50,,,35.5,,64.8,50.0 [35.5-64.8],,,EN,2021-03-30T16:00:00.000Z
NUTRITION_ANAEMIA_CHILDREN_PREV,Prevalence of anaemia in children aged 6-59 months (%),text,WPR,Western Pacific,Country,KHM,Cambodia,Year,2010,FALSE,Sex,Both sexes,SEX_BTSX,,,,,,,,,,55.3,,,47.6,,62.2,55.3 [47.6-62.2],,,EN,2021-03-30T16:00:00.000Z
NUTRITION_ANAEMIA_CHILDREN_PREV,Prevalence of anaemia in children aged 6-59 months (%),text,WPR,Western Pacific,Country,SGP,Singapore,Year,2009,FALSE,Sex,Both sexes,SEX_BTSX,,,,,,,,,,11.3,,,5.5,,25.3,11.3 [5.5-25.3],,,EN,2021-03-30T16:00:00.000Z
NUTRITION_ANAEMIA_CHILDREN_PREV,Prevalence of anaemia in children aged 6-59 months (%),text,WPR,Western Pacific,Country,BRN,Brunei Darussalam,Year,2009,FALSE,Sex,Both sexes,SEX_BTSX,,,,,,,,,,16.9,,,7,,33,16.9 [7.0-33.0],,,EN,2021-03-30T16:00:00.000Z
NUTRITION_ANAEMIA_CHILDREN_PREV,Prevalence of anaemia in children aged 6-59 months (%),text,WPR,Western Pacific,Country,MYS,Malaysia,Year,2009,FALSE,Sex,Both sexes,SEX_BTSX,,,,,,,,,,19.9,,,9.7,,32.1,19.9 [9.7-32.1],,,EN,2021-03-30T16:00:00.000Z
NUTRITION_ANAEMIA_CHILDREN_PREV,Prevalence of anaemia in children aged 6-59 months (%),text,WPR,Western Pacific,Country,VNM,Viet Nam,Year,2009,FALSE,Sex,Both sexes,SEX_BTSX,,,,,,,,,,22.5,,,13.7,,32.6,22.5 [13.7-32.6],,,EN,2021-03-30T16:00:00.000Z
NUTRITION_ANAEMIA_CHILDREN_PREV,Prevalence of anaemia in children aged 6-59 months (%),text,WPR,Western Pacific,Country,PHL,Philippines,Year,2009,FALSE,Sex,Both sexes,SEX_BTSX,,,,,,,,,,23,,,16.7,,29.7,23.0 [16.7-29.7],,,EN,2021-03-30T16:00:00.000Z
NUTRITION_ANAEMIA_CHILDREN_PREV,Prevalence of anaemia in children aged 6-59 months (%),text,SEAR,South-East Asia,Country,THA,Thailand,Year,2009,FALSE,Sex,Both sexes,SEX_BTSX,,,,,,,,,,24.5,,,16.4,,33.3,24.5 [16.4-33.3],,,EN,2021-03-30T16:00:00.000Z
NUTRITION_ANAEMIA_CHILDREN_PREV,Prevalence of anaemia in children aged 6-59 months (%),text,SEAR,South-East Asia,Country,IDN,Indonesia,Year,2009,FALSE,Sex,Both sexes,SEX_BTSX,,,,,,,,,,37.5,,,29.3,,46.8,37.5 [29.3-46.8],,,EN,2021-03-30T16:00:00.000Z
NUTRITION_ANAEMIA_CHILDREN_PREV,Prevalence of anaemia in children aged 6-59 months (%),text,WPR,Western Pacific,Country,LAO,Lao People's Democratic Republic,Year,2009,FALSE,Sex,Both sexes,SEX_BTSX,,,,,,,,,,43.4,,,34,,54.2,43.4 [34.0-54.2],,,EN,2021-03-30T16:00:00.000Z
NUTRITION_ANAEMIA_CHILDREN_PREV,Prevalence of anaemia in children aged 6-59 months (%),text,SEAR,South-East Asia,Country,TLS,Timor-Leste,Year,2009,FALSE,Sex,Both sexes,SEX_BTSX,,,,,,,,,,44.9,,,36.6,,54.5,44.9 [36.6-54.5],,,EN,2021-03-30T16:00:00.000Z
NUTRITION_ANAEMIA_CHILDREN_PREV,Prevalence of anaemia in children aged 6-59 months (%),text,SEAR,South-East Asia,Country,MMR,Myanmar,Year,2009,FALSE,Sex,Both sexes,SEX_BTSX,,,,,,,,,,50.5,,,35.5,,66.2,50.5 [35.5-66.2],,,EN,2021-03-30T16:00:00.000Z
NUTRITION_ANAEMIA_CHILDREN_PREV,Prevalence of anaemia in children aged 6-59 months (%),text,WPR,Western Pacific,Country,KHM,Cambodia,Year,2009,FALSE,Sex,Both sexes,SEX_BTSX,,,,,,,,,,56.2,,,48.6,,63.3,56.2 [48.6-63.3],,,EN,2021-03-30T16:00:00.000Z
NUTRITION_ANAEMIA_CHILDREN_PREV,Prevalence of anaemia in children aged 6-59 months (%),text,WPR,Western Pacific,Country,SGP,Singapore,Year,2008,FALSE,Sex,Both sexes,SEX_BTSX,,,,,,,,,,11.3,,,5.5,,25,11.3 [5.5-25.0],,,EN,2021-03-30T16:00:00.000Z
NUTRITION_ANAEMIA_CHILDREN_PREV,Prevalence of anaemia in children aged 6-59 months (%),text,WPR,Western Pacific,Country,BRN,Brunei Darussalam,Year,2008,FALSE,Sex,Both sexes,SEX_BTSX,,,,,,,,,,17,,,7.1,,33.4,17.0 [7.1-33.4],,,EN,2021-03-30T16:00:00.000Z
NUTRITION_ANAEMIA_CHILDREN_PREV,Prevalence of anaemia in children aged 6-59 months (%),text,WPR,Western Pacific,Country,MYS,Malaysia,Year,2008,FALSE,Sex,Both sexes,SEX_BTSX,,,,,,,,,,19.8,,,9.8,,32.2,19.8 [9.8-32.2],,,EN,2021-03-30T16:00:00.000Z
NUTRITION_ANAEMIA_CHILDREN_PREV,Prevalence of anaemia in children aged 6-59 months (%),text,WPR,Western Pacific,Country,VNM,Viet Nam,Year,2008,FALSE,Sex,Both sexes,SEX_BTSX,,,,,,,,,,23.4,,,14.4,,33.5,23.4 [14.4-33.5],,,EN,2021-03-30T16:00:00.000Z
NUTRITION_ANAEMIA_CHILDREN_PREV,Prevalence of anaemia in children aged 6-59 months (%),text,WPR,Western Pacific,Country,PHL,Philippines,Year,2008,FALSE,Sex,Both sexes,SEX_BTSX,,,,,,,,,,24.6,,,17.7,,31.3,24.6 [17.7-31.3],,,EN,2021-03-30T16:00:00.000Z
NUTRITION_ANAEMIA_CHILDREN_PREV,Prevalence of anaemia in children aged 6-59 months (%),text,SEAR,South-East Asia,Country,THA,Thailand,Year,2008,FALSE,Sex,Both sexes,SEX_BTSX,,,,,,,,,,24.7,,,16.2,,33.6,24.7 [16.2-33.6],,,EN,2021-03-30T16:00:00.000Z
NUTRITION_ANAEMIA_CHILDREN_PREV,Prevalence of anaemia in children aged 6-59 months (%),text,SEAR,South-East Asia,Country,IDN,Indonesia,Year,2008,FALSE,Sex,Both sexes,SEX_BTSX,,,,,,,,,,37.9,,,29.5,,47.9,37.9 [29.5-47.9],,,EN,2021-03-30T16:00:00.000Z
NUTRITION_ANAEMIA_CHILDREN_PREV,Prevalence of anaemia in children aged 6-59 months (%),text,WPR,Western Pacific,Country,LAO,Lao People's Democratic Republic,Year,2008,FALSE,Sex,Both sexes,SEX_BTSX,,,,,,,,,,44,,,34.4,,54.8,44.0 [34.4-54.8],,,EN,2021-03-30T16:00:00.000Z
NUTRITION_ANAEMIA_CHILDREN_PREV,Prevalence of anaemia in children aged 6-59 months (%),text,SEAR,South-East Asia,Country,TLS,Timor-Leste,Year,2008,FALSE,Sex,Both sexes,SEX_BTSX,,,,,,,,,,45.1,,,36.2,,55,45.1 [36.2-55.0],,,EN,2021-03-30T16:00:00.000Z
NUTRITION_ANAEMIA_CHILDREN_PREV,Prevalence of anaemia in children aged 6-59 months (%),text,SEAR,South-East Asia,Country,MMR,Myanmar,Year,2008,FALSE,Sex,Both sexes,SEX_BTSX,,,,,,,,,,51.1,,,35.8,,66.9,51.1 [35.8-66.9],,,EN,2021-03-30T16:00:00.000Z
NUTRITION_ANAEMIA_CHILDREN_PREV,Prevalence of anaemia in children aged 6-59 months (%),text,WPR,Western Pacific,Country,KHM,Cambodia,Year,2008,FALSE,Sex,Both sexes,SEX_BTSX,,,,,,,,,,57.2,,,49.4,,64.4,57.2 [49.4-64.4],,,EN,2021-03-30T16:00:00.000Z
NUTRITION_ANAEMIA_CHILDREN_PREV,Prevalence of anaemia in children aged 6-59 months (%),text,WPR,Western Pacific,Country,SGP,Singapore,Year,2007,FALSE,Sex,Both sexes,SEX_BTSX,,,,,,,,,,11.2,,,5.5,,25.3,11.2 [5.5-25.3],,,EN,2021-03-30T16:00:00.000Z
NUTRITION_ANAEMIA_CHILDREN_PREV,Prevalence of anaemia in children aged 6-59 months (%),text,WPR,Western Pacific,Country,BRN,Brunei Darussalam,Year,2007,FALSE,Sex,Both sexes,SEX_BTSX,,,,,,,,,,17,,,7.1,,33.5,17.0 [7.1-33.5],,,EN,2021-03-30T16:00:00.000Z
NUTRITION_ANAEMIA_CHILDREN_PREV,Prevalence of anaemia in children aged 6-59 months (%),text,WPR,Western Pacific,Country,MYS,Malaysia,Year,2007,FALSE,Sex,Both sexes,SEX_BTSX,,,,,,,,,,19.7,,,9.6,,32.3,19.7 [9.6-32.3],,,EN,2021-03-30T16:00:00.000Z
NUTRITION_ANAEMIA_CHILDREN_PREV,Prevalence of anaemia in children aged 6-59 months (%),text,WPR,Western Pacific,Country,VNM,Viet Nam,Year,2007,FALSE,Sex,Both sexes,SEX_BTSX,,,,,,,,,,24.5,,,15.4,,34.3,24.5 [15.4-34.3],,,EN,2021-03-30T16:00:00.000Z
NUTRITION_ANAEMIA_CHILDREN_PREV,Prevalence of anaemia in children aged 6-59 months (%),text,SEAR,South-East Asia,Country,THA,Thailand,Year,2007,FALSE,Sex,Both sexes,SEX_BTSX,,,,,,,,,,24.9,,,16.2,,34,24.9 [16.2-34.0],,,EN,2021-03-30T16:00:00.000Z
NUTRITION_ANAEMIA_CHILDREN_PREV,Prevalence of anaemia in children aged 6-59 months (%),text,WPR,Western Pacific,Country,PHL,Philippines,Year,2007,FALSE,Sex,Both sexes,SEX_BTSX,,,,,,,,,,26.3,,,18.8,,33,26.3 [18.8-33.0],,,EN,2021-03-30T16:00:00.000Z
NUTRITION_ANAEMIA_CHILDREN_PREV,Prevalence of anaemia in children aged 6-59 months (%),text,SEAR,South-East Asia,Country,IDN,Indonesia,Year,2007,FALSE,Sex,Both sexes,SEX_BTSX,,,,,,,,,,38.5,,,30,,48.6,38.5 [30.0-48.6],,,EN,2021-03-30T16:00:00.000Z
NUTRITION_ANAEMIA_CHILDREN_PREV,Prevalence of anaemia in children aged 6-59 months (%),text,WPR,Western Pacific,Country,LAO,Lao People's Democratic Republic,Year,2007,FALSE,Sex,Both sexes,SEX_BTSX,,,,,,,,,,44.7,,,34.9,,55.3,44.7 [34.9-55.3],,,EN,2021-03-30T16:00:00.000Z
NUTRITION_ANAEMIA_CHILDREN_PREV,Prevalence of anaemia in children aged 6-59 months (%),text,SEAR,South-East Asia,Country,TLS,Timor-Leste,Year,2007,FALSE,Sex,Both sexes,SEX_BTSX,,,,,,,,,,45.4,,,35.6,,55.8,45.4 [35.6-55.8],,,EN,2021-03-30T16:00:00.000Z
NUTRITION_ANAEMIA_CHILDREN_PREV,Prevalence of anaemia in children aged 6-59 months (%),text,SEAR,South-East Asia,Country,MMR,Myanmar,Year,2007,FALSE,Sex,Both sexes,SEX_BTSX,,,,,,,,,,51.9,,,36.5,,67.7,51.9 [36.5-67.7],,,EN,2021-03-30T16:00:00.000Z
NUTRITION_ANAEMIA_CHILDREN_PREV,Prevalence of anaemia in children aged 6-59 months (%),text,WPR,Western Pacific,Country,KHM,Cambodia,Year,2007,FALSE,Sex,Both sexes,SEX_BTSX,,,,,,,,,,58.3,,,50.2,,65.5,58.3 [50.2-65.5],,,EN,2021-03-30T16:00:00.000Z
NUTRITION_ANAEMIA_CHILDREN_PREV,Prevalence of anaemia in children aged 6-59 months (%),text,WPR,Western Pacific,Country,SGP,Singapore,Year,2006,FALSE,Sex,Both sexes,SEX_BTSX,,,,,,,,,,11.1,,,5.5,,25,11.1 [5.5-25.0],,,EN,2021-03-30T16:00:00.000Z
NUTRITION_ANAEMIA_CHILDREN_PREV,Prevalence of anaemia in children aged 6-59 months (%),text,WPR,Western Pacific,Country,BRN,Brunei Darussalam,Year,2006,FALSE,Sex,Both sexes,SEX_BTSX,,,,,,,,,,16.9,,,7.1,,33.1,16.9 [7.1-33.1],,,EN,2021-03-30T16:00:00.000Z
NUTRITION_ANAEMIA_CHILDREN_PREV,Prevalence of anaemia in children aged 6-59 months (%),text,WPR,Western Pacific,Country,MYS,Malaysia,Year,2006,FALSE,Sex,Both sexes,SEX_BTSX,,,,,,,,,,19.6,,,9.7,,32,19.6 [9.7-32.0],,,EN,2021-03-30T16:00:00.000Z
NUTRITION_ANAEMIA_CHILDREN_PREV,Prevalence of anaemia in children aged 6-59 months (%),text,SEAR,South-East Asia,Country,THA,Thailand,Year,2006,FALSE,Sex,Both sexes,SEX_BTSX,,,,,,,,,,25.1,,,16.2,,34.3,25.1 [16.2-34.3],,,EN,2021-03-30T16:00:00.000Z
NUTRITION_ANAEMIA_CHILDREN_PREV,Prevalence of anaemia in children aged 6-59 months (%),text,WPR,Western Pacific,Country,VNM,Viet Nam,Year,2006,FALSE,Sex,Both sexes,SEX_BTSX,,,,,,,,,,25.7,,,16.2,,35.5,25.7 [16.2-35.5],,,EN,2021-03-30T16:00:00.000Z
NUTRITION_ANAEMIA_CHILDREN_PREV,Prevalence of anaemia in children aged 6-59 months (%),text,WPR,Western Pacific,Country,PHL,Philippines,Year,2006,FALSE,Sex,Both sexes,SEX_BTSX,,,,,,,,,,27.9,,,19.8,,34.6,27.9 [19.8-34.6],,,EN,2021-03-30T16:00:00.000Z
NUTRITION_ANAEMIA_CHILDREN_PREV,Prevalence of anaemia in children aged 6-59 months (%),text,SEAR,South-East Asia,Country,IDN,Indonesia,Year,2006,FALSE,Sex,Both sexes,SEX_BTSX,,,,,,,,,,39.1,,,30.3,,49.5,39.1 [30.3-49.5],,,EN,2021-03-30T16:00:00.000Z
NUTRITION_ANAEMIA_CHILDREN_PREV,Prevalence of anaemia in children aged 6-59 months (%),text,WPR,Western Pacific,Country,LAO,Lao People's Democratic Republic,Year,2006,FALSE,Sex,Both sexes,SEX_BTSX,,,,,,,,,,45.4,,,35.6,,56,45.4 [35.6-56.0],,,EN,2021-03-30T16:00:00.000Z
NUTRITION_ANAEMIA_CHILDREN_PREV,Prevalence of anaemia in children aged 6-59 months (%),text,SEAR,South-East Asia,Country,TLS,Timor-Leste,Year,2006,FALSE,Sex,Both sexes,SEX_BTSX,,,,,,,,,,45.8,,,35.3,,56.7,45.8 [35.3-56.7],,,EN,2021-03-30T16:00:00.000Z
NUTRITION_ANAEMIA_CHILDREN_PREV,Prevalence of anaemia in children aged 6-59 months (%),text,SEAR,South-East Asia,Country,MMR,Myanmar,Year,2006,FALSE,Sex,Both sexes,SEX_BTSX,,,,,,,,,,52.7,,,37,,68.4,52.7 [37.0-68.4],,,EN,2021-03-30T16:00:00.000Z
NUTRITION_ANAEMIA_CHILDREN_PREV,Prevalence of anaemia in children aged 6-59 months (%),text,WPR,Western Pacific,Country,KHM,Cambodia,Year,2006,FALSE,Sex,Both sexes,SEX_BTSX,,,,,,,,,,59.3,,,51.2,,66,59.3 [51.2-66.0],,,EN,2021-03-30T16:00:00.000Z
NUTRITION_ANAEMIA_CHILDREN_PREV,Prevalence of anaemia in children aged 6-59 months (%),text,WPR,Western Pacific,Country,SGP,Singapore,Year,2005,FALSE,Sex,Both sexes,SEX_BTSX,,,,,,,,,,11.1,,,5.5,,24.9,11.1 [5.5-24.9],,,EN,2021-03-30T16:00:00.000Z
NUTRITION_ANAEMIA_CHILDREN_PREV,Prevalence of anaemia in children aged 6-59 months (%),text,WPR,Western Pacific,Country,BRN,Brunei Darussalam,Year,2005,FALSE,Sex,Both sexes,SEX_BTSX,,,,,,,,,,16.7,,,7,,33.2,16.7 [7.0-33.2],,,EN,2021-03-30T16:00:00.000Z
NUTRITION_ANAEMIA_CHILDREN_PREV,Prevalence of anaemia in children aged 6-59 months (%),text,WPR,Western Pacific,Country,MYS,Malaysia,Year,2005,FALSE,Sex,Both sexes,SEX_BTSX,,,,,,,,,,19.5,,,9.7,,31.7,19.5 [9.7-31.7],,,EN,2021-03-30T16:00:00.000Z
NUTRITION_ANAEMIA_CHILDREN_PREV,Prevalence of anaemia in children aged 6-59 months (%),text,SEAR,South-East Asia,Country,THA,Thailand,Year,2005,FALSE,Sex,Both sexes,SEX_BTSX,,,,,,,,,,25.2,,,16.2,,34.7,25.2 [16.2-34.7],,,EN,2021-03-30T16:00:00.000Z
NUTRITION_ANAEMIA_CHILDREN_PREV,Prevalence of anaemia in children aged 6-59 months (%),text,WPR,Western Pacific,Country,VNM,Viet Nam,Year,2005,FALSE,Sex,Both sexes,SEX_BTSX,,,,,,,,,,26.9,,,17.1,,36.6,26.9 [17.1-36.6],,,EN,2021-03-30T16:00:00.000Z
NUTRITION_ANAEMIA_CHILDREN_PREV,Prevalence of anaemia in children aged 6-59 months (%),text,WPR,Western Pacific,Country,PHL,Philippines,Year,2005,FALSE,Sex,Both sexes,SEX_BTSX,,,,,,,,,,29.2,,,20.5,,36.1,29.2 [20.5-36.1],,,EN,2021-03-30T16:00:00.000Z
NUTRITION_ANAEMIA_CHILDREN_PREV,Prevalence of anaemia in children aged 6-59 months (%),text,SEAR,South-East Asia,Country,IDN,Indonesia,Year,2005,FALSE,Sex,Both sexes,SEX_BTSX,,,,,,,,,,39.8,,,30.8,,50.2,39.8 [30.8-50.2],,,EN,2021-03-30T16:00:00.000Z
NUTRITION_ANAEMIA_CHILDREN_PREV,Prevalence of anaemia in children aged 6-59 months (%),text,WPR,Western Pacific,Country,LAO,Lao People's Democratic Republic,Year,2005,FALSE,Sex,Both sexes,SEX_BTSX,,,,,,,,,,46.2,,,36.3,,56.5,46.2 [36.3-56.5],,,EN,2021-03-30T16:00:00.000Z
NUTRITION_ANAEMIA_CHILDREN_PREV,Prevalence of anaemia in children aged 6-59 months (%),text,SEAR,South-East Asia,Country,TLS,Timor-Leste,Year,2005,FALSE,Sex,Both sexes,SEX_BTSX,,,,,,,,,,46.3,,,34.7,,57.5,46.3 [34.7-57.5],,,EN,2021-03-30T16:00:00.000Z
NUTRITION_ANAEMIA_CHILDREN_PREV,Prevalence of anaemia in children aged 6-59 months (%),text,SEAR,South-East Asia,Country,MMR,Myanmar,Year,2005,FALSE,Sex,Both sexes,SEX_BTSX,,,,,,,,,,53.5,,,37.7,,68.8,53.5 [37.7-68.8],,,EN,2021-03-30T16:00:00.000Z
NUTRITION_ANAEMIA_CHILDREN_PREV,Prevalence of anaemia in children aged 6-59 months (%),text,WPR,Western Pacific,Country,KHM,Cambodia,Year,2005,FALSE,Sex,Both sexes,SEX_BTSX,,,,,,,,,,60.3,,,52.3,,66.8,60.3 [52.3-66.8],,,EN,2021-03-30T16:00:00.000Z
NUTRITION_ANAEMIA_CHILDREN_PREV,Prevalence of anaemia in children aged 6-59 months (%),text,WPR,Western Pacific,Country,SGP,Singapore,Year,2004,FALSE,Sex,Both sexes,SEX_BTSX,,,,,,,,,,11.1,,,5.5,,25.3,11.1 [5.5-25.3],,,EN,2021-03-30T16:00:00.000Z
NUTRITION_ANAEMIA_CHILDREN_PREV,Prevalence of anaemia in children aged 6-59 months (%),text,WPR,Western Pacific,Country,BRN,Brunei Darussalam,Year,2004,FALSE,Sex,Both sexes,SEX_BTSX,,,,,,,,,,16.6,,,7,,33.2,16.6 [7.0-33.2],,,EN,2021-03-30T16:00:00.000Z
NUTRITION_ANAEMIA_CHILDREN_PREV,Prevalence of anaemia in children aged 6-59 months (%),text,WPR,Western Pacific,Country,MYS,Malaysia,Year,2004,FALSE,Sex,Both sexes,SEX_BTSX,,,,,,,,,,19.4,,,9.7,,31.6,19.4 [9.7-31.6],,,EN,2021-03-30T16:00:00.000Z
NUTRITION_ANAEMIA_CHILDREN_PREV,Prevalence of anaemia in children aged 6-59 months (%),text,SEAR,South-East Asia,Country,THA,Thailand,Year,2004,FALSE,Sex,Both sexes,SEX_BTSX,,,,,,,,,,25.4,,,16.2,,35.1,25.4 [16.2-35.1],,,EN,2021-03-30T16:00:00.000Z
NUTRITION_ANAEMIA_CHILDREN_PREV,Prevalence of anaemia in children aged 6-59 months (%),text,WPR,Western Pacific,Country,VNM,Viet Nam,Year,2004,FALSE,Sex,Both sexes,SEX_BTSX,,,,,,,,,,28.2,,,18.2,,37.7,28.2 [18.2-37.7],,,EN,2021-03-30T16:00:00.000Z
NUTRITION_ANAEMIA_CHILDREN_PREV,Prevalence of anaemia in children aged 6-59 months (%),text,WPR,Western Pacific,Country,PHL,Philippines,Year,2004,FALSE,Sex,Both sexes,SEX_BTSX,,,,,,,,,,30.6,,,20.9,,37.6,30.6 [20.9-37.6],,,EN,2021-03-30T16:00:00.000Z
NUTRITION_ANAEMIA_CHILDREN_PREV,Prevalence of anaemia in children aged 6-59 months (%),text,SEAR,South-East Asia,Country,IDN,Indonesia,Year,2004,FALSE,Sex,Both sexes,SEX_BTSX,,,,,,,,,,40.5,,,31.3,,50.7,40.5 [31.3-50.7],,,EN,2021-03-30T16:00:00.000Z
NUTRITION_ANAEMIA_CHILDREN_PREV,Prevalence of anaemia in children aged 6-59 months (%),text,SEAR,South-East Asia,Country,TLS,Timor-Leste,Year,2004,FALSE,Sex,Both sexes,SEX_BTSX,,,,,,,,,,46.8,,,34.6,,58.3,46.8 [34.6-58.3],,,EN,2021-03-30T16:00:00.000Z
NUTRITION_ANAEMIA_CHILDREN_PREV,Prevalence of anaemia in children aged 6-59 months (%),text,WPR,Western Pacific,Country,LAO,Lao People's Democratic Republic,Year,2004,FALSE,Sex,Both sexes,SEX_BTSX,,,,,,,,,,46.9,,,36.6,,57.6,46.9 [36.6-57.6],,,EN,2021-03-30T16:00:00.000Z
NUTRITION_ANAEMIA_CHILDREN_PREV,Prevalence of anaemia in children aged 6-59 months (%),text,SEAR,South-East Asia,Country,MMR,Myanmar,Year,2004,FALSE,Sex,Both sexes,SEX_BTSX,,,,,,,,,,54.2,,,38.4,,69.3,54.2 [38.4-69.3],,,EN,2021-03-30T16:00:00.000Z
NUTRITION_ANAEMIA_CHILDREN_PREV,Prevalence of anaemia in children aged 6-59 months (%),text,WPR,Western Pacific,Country,KHM,Cambodia,Year,2004,FALSE,Sex,Both sexes,SEX_BTSX,,,,,,,,,,61.3,,,53.5,,67.9,61.3 [53.5-67.9],,,EN,2021-03-30T16:00:00.000Z
NUTRITION_ANAEMIA_CHILDREN_PREV,Prevalence of anaemia in children aged 6-59 months (%),text,WPR,Western Pacific,Country,SGP,Singapore,Year,2003,FALSE,Sex,Both sexes,SEX_BTSX,,,,,,,,,,11.1,,,5.6,,25.6,11.1 [5.6-25.6],,,EN,2021-03-30T16:00:00.000Z
NUTRITION_ANAEMIA_CHILDREN_PREV,Prevalence of anaemia in children aged 6-59 months (%),text,WPR,Western Pacific,Country,BRN,Brunei Darussalam,Year,2003,FALSE,Sex,Both sexes,SEX_BTSX,,,,,,,,,,16.7,,,7,,33.5,16.7 [7.0-33.5],,,EN,2021-03-30T16:00:00.000Z
NUTRITION_ANAEMIA_CHILDREN_PREV,Prevalence of anaemia in children aged 6-59 months (%),text,WPR,Western Pacific,Country,MYS,Malaysia,Year,2003,FALSE,Sex,Both sexes,SEX_BTSX,,,,,,,,,,19.4,,,9.8,,31.4,19.4 [9.8-31.4],,,EN,2021-03-30T16:00:00.000Z
NUTRITION_ANAEMIA_CHILDREN_PREV,Prevalence of anaemia in children aged 6-59 months (%),text,SEAR,South-East Asia,Country,THA,Thailand,Year,2003,FALSE,Sex,Both sexes,SEX_BTSX,,,,,,,,,,25.7,,,16.4,,35.5,25.7 [16.4-35.5],,,EN,2021-03-30T16:00:00.000Z
NUTRITION_ANAEMIA_CHILDREN_PREV,Prevalence of anaemia in children aged 6-59 months (%),text,WPR,Western Pacific,Country,VNM,Viet Nam,Year,2003,FALSE,Sex,Both sexes,SEX_BTSX,,,,,,,,,,29.5,,,19.4,,38.7,29.5 [19.4-38.7],,,EN,2021-03-30T16:00:00.000Z
NUTRITION_ANAEMIA_CHILDREN_PREV,Prevalence of anaemia in children aged 6-59 months (%),text,WPR,Western Pacific,Country,PHL,Philippines,Year,2003,FALSE,Sex,Both sexes,SEX_BTSX,,,,,,,,,,31.8,,,21.6,,39,31.8 [21.6-39.0],,,EN,2021-03-30T16:00:00.000Z
NUTRITION_ANAEMIA_CHILDREN_PREV,Prevalence of anaemia in children aged 6-59 months (%),text,SEAR,South-East Asia,Country,IDN,Indonesia,Year,2003,FALSE,Sex,Both sexes,SEX_BTSX,,,,,,,,,,41.2,,,32.1,,51.3,41.2 [32.1-51.3],,,EN,2021-03-30T16:00:00.000Z
NUTRITION_ANAEMIA_CHILDREN_PREV,Prevalence of anaemia in children aged 6-59 months (%),text,SEAR,South-East Asia,Country,TLS,Timor-Leste,Year,2003,FALSE,Sex,Both sexes,SEX_BTSX,,,,,,,,,,47.7,,,34.8,,59.3,47.7 [34.8-59.3],,,EN,2021-03-30T16:00:00.000Z
NUTRITION_ANAEMIA_CHILDREN_PREV,Prevalence of anaemia in children aged 6-59 months (%),text,WPR,Western Pacific,Country,LAO,Lao People's Democratic Republic,Year,2003,FALSE,Sex,Both sexes,SEX_BTSX,,,,,,,,,,47.7,,,37.3,,58.5,47.7 [37.3-58.5],,,EN,2021-03-30T16:00:00.000Z
NUTRITION_ANAEMIA_CHILDREN_PREV,Prevalence of anaemia in children aged 6-59 months (%),text,SEAR,South-East Asia,Country,MMR,Myanmar,Year,2003,FALSE,Sex,Both sexes,SEX_BTSX,,,,,,,,,,55,,,38.9,,69.9,55.0 [38.9-69.9],,,EN,2021-03-30T16:00:00.000Z
NUTRITION_ANAEMIA_CHILDREN_PREV,Prevalence of anaemia in children aged 6-59 months (%),text,WPR,Western Pacific,Country,KHM,Cambodia,Year,2003,FALSE,Sex,Both sexes,SEX_BTSX,,,,,,,,,,62.4,,,54.8,,68.8,62.4 [54.8-68.8],,,EN,2021-03-30T16:00:00.000Z
NUTRITION_ANAEMIA_CHILDREN_PREV,Prevalence of anaemia in children aged 6-59 months (%),text,WPR,Western Pacific,Country,SGP,Singapore,Year,2002,FALSE,Sex,Both sexes,SEX_BTSX,,,,,,,,,,11.1,,,5.6,,25.8,11.1 [5.6-25.8],,,EN,2021-03-30T16:00:00.000Z
NUTRITION_ANAEMIA_CHILDREN_PREV,Prevalence of anaemia in children aged 6-59 months (%),text,WPR,Western Pacific,Country,BRN,Brunei Darussalam,Year,2002,FALSE,Sex,Both sexes,SEX_BTSX,,,,,,,,,,16.6,,,7,,33.8,16.6 [7.0-33.8],,,EN,2021-03-30T16:00:00.000Z
NUTRITION_ANAEMIA_CHILDREN_PREV,Prevalence of anaemia in children aged 6-59 months (%),text,WPR,Western Pacific,Country,MYS,Malaysia,Year,2002,FALSE,Sex,Both sexes,SEX_BTSX,,,,,,,,,,19.6,,,9.9,,31.9,19.6 [9.9-31.9],,,EN,2021-03-30T16:00:00.000Z
NUTRITION_ANAEMIA_CHILDREN_PREV,Prevalence of anaemia in children aged 6-59 months (%),text,SEAR,South-East Asia,Country,THA,Thailand,Year,2002,FALSE,Sex,Both sexes,SEX_BTSX,,,,,,,,,,26,,,16.4,,36.1,26.0 [16.4-36.1],,,EN,2021-03-30T16:00:00.000Z
NUTRITION_ANAEMIA_CHILDREN_PREV,Prevalence of anaemia in children aged 6-59 months (%),text,WPR,Western Pacific,Country,VNM,Viet Nam,Year,2002,FALSE,Sex,Both sexes,SEX_BTSX,,,,,,,,,,30.8,,,20.6,,39.9,30.8 [20.6-39.9],,,EN,2021-03-30T16:00:00.000Z
NUTRITION_ANAEMIA_CHILDREN_PREV,Prevalence of anaemia in children aged 6-59 months (%),text,WPR,Western Pacific,Country,PHL,Philippines,Year,2002,FALSE,Sex,Both sexes,SEX_BTSX,,,,,,,,,,32.9,,,22,,40.6,32.9 [22.0-40.6],,,EN,2021-03-30T16:00:00.000Z
NUTRITION_ANAEMIA_CHILDREN_PREV,Prevalence of anaemia in children aged 6-59 months (%),text,SEAR,South-East Asia,Country,IDN,Indonesia,Year,2002,FALSE,Sex,Both sexes,SEX_BTSX,,,,,,,,,,42.1,,,33,,52.1,42.1 [33.0-52.1],,,EN,2021-03-30T16:00:00.000Z
NUTRITION_ANAEMIA_CHILDREN_PREV,Prevalence of anaemia in children aged 6-59 months (%),text,WPR,Western Pacific,Country,LAO,Lao People's Democratic Republic,Year,2002,FALSE,Sex,Both sexes,SEX_BTSX,,,,,,,,,,48.4,,,37.6,,59.3,48.4 [37.6-59.3],,,EN,2021-03-30T16:00:00.000Z
NUTRITION_ANAEMIA_CHILDREN_PREV,Prevalence of anaemia in children aged 6-59 months (%),text,SEAR,South-East Asia,Country,TLS,Timor-Leste,Year,2002,FALSE,Sex,Both sexes,SEX_BTSX,,,,,,,,,,48.7,,,35.2,,60.8,48.7 [35.2-60.8],,,EN,2021-03-30T16:00:00.000Z
NUTRITION_ANAEMIA_CHILDREN_PREV,Prevalence of anaemia in children aged 6-59 months (%),text,SEAR,South-East Asia,Country,MMR,Myanmar,Year,2002,FALSE,Sex,Both sexes,SEX_BTSX,,,,,,,,,,55.8,,,39.5,,70.3,55.8 [39.5-70.3],,,EN,2021-03-30T16:00:00.000Z
NUTRITION_ANAEMIA_CHILDREN_PREV,Prevalence of anaemia in children aged 6-59 months (%),text,WPR,Western Pacific,Country,KHM,Cambodia,Year,2002,FALSE,Sex,Both sexes,SEX_BTSX,,,,,,,,,,63.6,,,56.2,,69.9,63.6 [56.2-69.9],,,EN,2021-03-30T16:00:00.000Z
NUTRITION_ANAEMIA_CHILDREN_PREV,Prevalence of anaemia in children aged 6-59 months (%),text,WPR,Western Pacific,Country,SGP,Singapore,Year,2001,FALSE,Sex,Both sexes,SEX_BTSX,,,,,,,,,,11.2,,,5.6,,26.4,11.2 [5.6-26.4],,,EN,2021-03-30T16:00:00.000Z
NUTRITION_ANAEMIA_CHILDREN_PREV,Prevalence of anaemia in children aged 6-59 months (%),text,WPR,Western Pacific,Country,BRN,Brunei Darussalam,Year,2001,FALSE,Sex,Both sexes,SEX_BTSX,,,,,,,,,,16.7,,,7,,34.3,16.7 [7.0-34.3],,,EN,2021-03-30T16:00:00.000Z
NUTRITION_ANAEMIA_CHILDREN_PREV,Prevalence of anaemia in children aged 6-59 months (%),text,WPR,Western Pacific,Country,MYS,Malaysia,Year,2001,FALSE,Sex,Both sexes,SEX_BTSX,,,,,,,,,,19.8,,,9.9,,32.4,19.8 [9.9-32.4],,,EN,2021-03-30T16:00:00.000Z
NUTRITION_ANAEMIA_CHILDREN_PREV,Prevalence of anaemia in children aged 6-59 months (%),text,SEAR,South-East Asia,Country,THA,Thailand,Year,2001,FALSE,Sex,Both sexes,SEX_BTSX,,,,,,,,,,26.2,,,16.4,,36.5,26.2 [16.4-36.5],,,EN,2021-03-30T16:00:00.000Z
NUTRITION_ANAEMIA_CHILDREN_PREV,Prevalence of anaemia in children aged 6-59 months (%),text,WPR,Western Pacific,Country,VNM,Viet Nam,Year,2001,FALSE,Sex,Both sexes,SEX_BTSX,,,,,,,,,,32.2,,,21.6,,41.2,32.2 [21.6-41.2],,,EN,2021-03-30T16:00:00.000Z
NUTRITION_ANAEMIA_CHILDREN_PREV,Prevalence of anaemia in children aged 6-59 months (%),text,WPR,Western Pacific,Country,PHL,Philippines,Year,2001,FALSE,Sex,Both sexes,SEX_BTSX,,,,,,,,,,34,,,22.5,,42.2,34.0 [22.5-42.2],,,EN,2021-03-30T16:00:00.000Z
NUTRITION_ANAEMIA_CHILDREN_PREV,Prevalence of anaemia in children aged 6-59 months (%),text,SEAR,South-East Asia,Country,IDN,Indonesia,Year,2001,FALSE,Sex,Both sexes,SEX_BTSX,,,,,,,,,,43,,,33.9,,52.7,43.0 [33.9-52.7],,,EN,2021-03-30T16:00:00.000Z
NUTRITION_ANAEMIA_CHILDREN_PREV,Prevalence of anaemia in children aged 6-59 months (%),text,WPR,Western Pacific,Country,LAO,Lao People's Democratic Republic,Year,2001,FALSE,Sex,Both sexes,SEX_BTSX,,,,,,,,,,49.3,,,38.1,,60,49.3 [38.1-60.0],,,EN,2021-03-30T16:00:00.000Z
NUTRITION_ANAEMIA_CHILDREN_PREV,Prevalence of anaemia in children aged 6-59 months (%),text,SEAR,South-East Asia,Country,TLS,Timor-Leste,Year,2001,FALSE,Sex,Both sexes,SEX_BTSX,,,,,,,,,,49.9,,,35.4,,62.4,49.9 [35.4-62.4],,,EN,2021-03-30T16:00:00.000Z
NUTRITION_ANAEMIA_CHILDREN_PREV,Prevalence of anaemia in children aged 6-59 months (%),text,SEAR,South-East Asia,Country,MMR,Myanmar,Year,2001,FALSE,Sex,Both sexes,SEX_BTSX,,,,,,,,,,56.6,,,39.9,,70.8,56.6 [39.9-70.8],,,EN,2021-03-30T16:00:00.000Z
NUTRITION_ANAEMIA_CHILDREN_PREV,Prevalence of anaemia in children aged 6-59 months (%),text,WPR,Western Pacific,Country,KHM,Cambodia,Year,2001,FALSE,Sex,Both sexes,SEX_BTSX,,,,,,,,,,64.8,,,57.4,,71.1,64.8 [57.4-71.1],,,EN,2021-03-30T16:00:00.000Z
NUTRITION_ANAEMIA_CHILDREN_PREV,Prevalence of anaemia in children aged 6-59 months (%),text,WPR,Western Pacific,Country,SGP,Singapore,Year,2000,FALSE,Sex,Both sexes,SEX_BTSX,,,,,,,,,,11.4,,,5.6,,27.5,11.4 [5.6-27.5],,,EN,2021-03-30T16:00:00.000Z
NUTRITION_ANAEMIA_CHILDREN_PREV,Prevalence of anaemia in children aged 6-59 months (%),text,WPR,Western Pacific,Country,BRN,Brunei Darussalam,Year,2000,FALSE,Sex,Both sexes,SEX_BTSX,,,,,,,,,,17,,,7,,35.4,17.0 [7.0-35.4],,,EN,2021-03-30T16:00:00.000Z
NUTRITION_ANAEMIA_CHILDREN_PREV,Prevalence of anaemia in children aged 6-59 months (%),text,WPR,Western Pacific,Country,MYS,Malaysia,Year,2000,FALSE,Sex,Both sexes,SEX_BTSX,,,,,,,,,,20.2,,,10.2,,32.8,20.2 [10.2-32.8],,,EN,2021-03-30T16:00:00.000Z
NUTRITION_ANAEMIA_CHILDREN_PREV,Prevalence of anaemia in children aged 6-59 months (%),text,SEAR,South-East Asia,Country,THA,Thailand,Year,2000,FALSE,Sex,Both sexes,SEX_BTSX,,,,,,,,,,26.5,,,16.4,,37,26.5 [16.4-37.0],,,EN,2021-03-30T16:00:00.000Z
NUTRITION_ANAEMIA_CHILDREN_PREV,Prevalence of anaemia in children aged 6-59 months (%),text,WPR,Western Pacific,Country,VNM,Viet Nam,Year,2000,FALSE,Sex,Both sexes,SEX_BTSX,,,,,,,,,,33.6,,,22.9,,42.7,33.6 [22.9-42.7],,,EN,2021-03-30T16:00:00.000Z
NUTRITION_ANAEMIA_CHILDREN_PREV,Prevalence of anaemia in children aged 6-59 months (%),text,WPR,Western Pacific,Country,PHL,Philippines,Year,2000,FALSE,Sex,Both sexes,SEX_BTSX,,,,,,,,,,35,,,22.6,,44,35.0 [22.6-44.0],,,EN,2021-03-30T16:00:00.000Z
NUTRITION_ANAEMIA_CHILDREN_PREV,Prevalence of anaemia in children aged 6-59 months (%),text,SEAR,South-East Asia,Country,IDN,Indonesia,Year,2000,FALSE,Sex,Both sexes,SEX_BTSX,,,,,,,,,,43.9,,,34.7,,53.9,43.9 [34.7-53.9],,,EN,2021-03-30T16:00:00.000Z
NUTRITION_ANAEMIA_CHILDREN_PREV,Prevalence of anaemia in children aged 6-59 months (%),text,WPR,Western Pacific,Country,LAO,Lao People's Democratic Republic,Year,2000,FALSE,Sex,Both sexes,SEX_BTSX,,,,,,,,,,50.2,,,38.3,,61.3,50.2 [38.3-61.3],,,EN,2021-03-30T16:00:00.000Z
NUTRITION_ANAEMIA_CHILDREN_PREV,Prevalence of anaemia in children aged 6-59 months (%),text,SEAR,South-East Asia,Country,TLS,Timor-Leste,Year,2000,FALSE,Sex,Both sexes,SEX_BTSX,,,,,,,,,,51.3,,,36,,64.3,51.3 [36.0-64.3],,,EN,2021-03-30T16:00:00.000Z
NUTRITION_ANAEMIA_CHILDREN_PREV,Prevalence of anaemia in children aged 6-59 months (%),text,SEAR,South-East Asia,Country,MMR,Myanmar,Year,2000,FALSE,Sex,Both sexes,SEX_BTSX,,,,,,,,,,57.5,,,40.5,,71.7,57.5 [40.5-71.7],,,EN,2021-03-30T16:00:00.000Z
NUTRITION_ANAEMIA_CHILDREN_PREV,Prevalence of anaemia in children aged 6-59 months (%),text,WPR,Western Pacific,Country,KHM,Cambodia,Year,2000,FALSE,Sex,Both sexes,SEX_BTSX,,,,,,,,,,65.9,,,58.3,,72.4,65.9 [58.3-72.4],,,EN,2021-03-30T16:00:00.000Z
